Year,Month,GMSL,GMSL uncertainty
1900,1,-128.9,18.3
1900,2,-130.8,18.3
1900,3,-129.5,18.3
1900,4,-129.8,18.3
1900,5,-127.3,18.3
1900,6,-128.2,18.3
1900,7,-130.5,18.3
1900,8,-128.7,18.3
1900,9,-135.1,18.3
1900,10,-130.2,18.3
1900,11,-132.1,18.3
1900,12,-130.1,18.3
1901,1,-132.8,18.3
1901,2,-134.7,18.3
1901,3,-135,17.4
1901,4,-131,17.4
1901,5,-135,17.4
1901,6,-133.7,17.4
1901,7,-136.2,17.4
1901,8,-131,17.4
1901,9,-127,17.4
1901,10,-124.1,17.4
1901,11,-122.6,17.4
1901,12,-123.3,17.5
1902,1,-122.6,17.4
1902,2,-122.1,17.4
1902,3,-123.3,17.4
1902,4,-128,17.4
1902,5,-132.3,17.4
1902,6,-132.9,17.4
1902,7,-131.7,17.3
1902,8,-127.8,17.3
1902,9,-124.4,17.3
1902,10,-121.8,17.3
1902,11,-121.3,17.3
1902,12,-122.8,17.3
1903,1,-121.2,17
1903,2,-121.7,17
1903,3,-115,17
1903,4,-110.3,17
1903,5,-109.8,17
1903,6,-110.6,17
1903,7,-116.2,17
1903,8,-119.5,17
1903,9,-123.6,17
1903,10,-120.6,17
1903,11,-124.2,16.7
1903,12,-121.5,17.1
1904,1,-125.9,17.1
1904,2,-118.2,17.1
1904,3,-122.9,17.1
1904,4,-123.3,17.1
1904,5,-128.3,16.8
1904,6,-126.6,16.8
1904,7,-130.2,16.8
1904,8,-131.2,16.8
1904,9,-132.6,16.8
1904,10,-131.6,16.8
1904,11,-132.3,16.8
1904,12,-134.8,16.8
1905,1,-138,15.4
1905,2,-140.1,15.4
1905,3,-139.6,15.4
1905,4,-138.1,15.4
1905,5,-136,15.4
1905,6,-134.4,15.4
1905,7,-132,15.4
1905,8,-128.1,15.4
1905,9,-125.4,15.4
1905,10,-127.6,15.4
1905,11,-130.7,15.4
1905,12,-134.8,15.4
1906,1,-131.8,14.7
1906,2,-129.5,14.7
1906,3,-128.1,14.7
1906,4,-128.9,14.7
1906,5,-125.5,14.7
1906,6,-124.1,14.7
1906,7,-122.3,14.7
1906,8,-125.4,14.7
1906,9,-124.9,14.7
1906,10,-125.7,14.7
1906,11,-127.6,14.7
1906,12,-128.8,14.9
1907,1,-129.5,14.9
1907,2,-126.4,14.9
1907,3,-125.2,14.9
1907,4,-122.8,14.9
1907,5,-125.1,14.9
1907,6,-123.2,14.9
1907,7,-126.4,14.9
1907,8,-123.8,14.9
1907,9,-131.7,14.9
1907,10,-133.1,14.9
1907,11,-137.6,14.9
1907,12,-134.5,14.9
1908,1,-131.1,14.5
1908,2,-129.1,14.5
1908,3,-129.2,14.5
1908,4,-131.4,14.5
1908,5,-132.5,14.5
1908,6,-127.9,14.5
1908,7,-127.3,14.5
1908,8,-124.9,14.5
1908,9,-130.1,14.5
1908,10,-134.3,14.3
1908,11,-136.3,14.3
1908,12,-135.4,14.3
1909,1,-127.7,14.3
1909,2,-125.1,14.3
1909,3,-120.6,14.3
1909,4,-123.4,14.3
1909,5,-126.2,14.3
1909,6,-130.8,14.3
1909,7,-129,14.3
1909,8,-129.8,14.3
1909,9,-126.3,15.1
1909,10,-126.4,15.1
1909,11,-124.5,15.1
1909,12,-125.9,15.1
1910,1,-127.3,15.1
1910,2,-130.6,15.1
1910,3,-129.9,14.9
1910,4,-129.5,14.9
1910,5,-124.7,14.9
1910,6,-124,14.9
1910,7,-121.8,14.9
1910,8,-124.4,14.1
1910,9,-124.4,14.1
1910,10,-126.4,14.1
1910,11,-126.6,14.1
1910,12,-127.4,14.3
1911,1,-127.4,14.3
1911,2,-123.9,14.3
1911,3,-121.1,14.3
1911,4,-120.6,14.3
1911,5,-121.8,14.3
1911,6,-121.2,14.3
1911,7,-120.1,14.1
1911,8,-114.1,14.1
1911,9,-111.2,14
1911,10,-108.1,14
1911,11,-112.7,14
1911,12,-114.5,14.1
1912,1,-121.9,14.1
1912,2,-123.7,14.1
1912,3,-127.2,14.1
1912,4,-127.1,14.1
1912,5,-126,14.1
1912,6,-120.7,14.1
1912,7,-119.9,14.1
1912,8,-118.6,14.2
1912,9,-119.1,14.2
1912,10,-118.7,14.4
1912,11,-116.7,14.4
1912,12,-114.4,14.3
1913,1,-119.8,14.3
1913,2,-123.2,14
1913,3,-128.2,14
1913,4,-127.7,14
1913,5,-126,14
1913,6,-120.7,14
1913,7,-117.2,14
1913,8,-114.3,14
1913,9,-114,14
1913,10,-114.8,14
1913,11,-110.8,14
1913,12,-116,14.2
1914,1,-110.9,14.2
1914,2,-117,14.2
1914,3,-115.3,14.2
1914,4,-118.1,13.7
1914,5,-116.8,13.7
1914,6,-119.9,13.7
1914,7,-119.7,13.7
1914,8,-122.5,13.7
1914,9,-117,13.7
1914,10,-111.8,13.7
1914,11,-99,13.7
1914,12,-88.6,13.7
1915,1,-83.7,13.6
1915,2,-85.2,13.6
1915,3,-93.1,13.6
1915,4,-102.3,13.6
1915,5,-108.5,13.6
1915,6,-111.1,13.6
1915,7,-113.6,13.6
1915,8,-114.4,13.6
1915,9,-115.4,13.6
1915,10,-115.2,13.6
1915,11,-109.7,13.6
1915,12,-110,13.8
1916,1,-103.7,13
1916,2,-106.3,13
1916,3,-101.1,13
1916,4,-104.1,13
1916,5,-102.8,12.9
1916,6,-108,12.9
1916,7,-111.7,12.9
1916,8,-115.9,12.9
1916,9,-113.6,12.9
1916,10,-111.7,13.1
1916,11,-103.8,13.1
1916,12,-102.7,13.1
1917,1,-102.8,13
1917,2,-109.1,12.8
1917,3,-112.4,12.8
1917,4,-115.9,12.8
1917,5,-115.1,12.8
1917,6,-113.9,12.8
1917,7,-110.1,12.8
1917,8,-110.7,12.8
1917,9,-111.5,12.8
1917,10,-113.1,12.8
1917,11,-113.7,12.8
1917,12,-111.3,12.8
1918,1,-109.7,12.7
1918,2,-113.5,12.7
1918,3,-115.2,12.7
1918,4,-117.1,12.7
1918,5,-114.6,12.7
1918,6,-112.7,12.7
1918,7,-112.1,12.7
1918,8,-113.6,12.7
1918,9,-109.9,12.7
1918,10,-112,12.7
1918,11,-111.8,12.7
1918,12,-116.4,12.7
1919,1,-118.1,12.6
1919,2,-119.9,12.6
1919,3,-118.3,12.7
1919,4,-115.4,12.7
1919,5,-112.7,12.7
1919,6,-106.2,12.7
1919,7,,12.7
1919,8,-103.5,12.7
1919,9,-105.2,12.7
1919,10,-108.5,12.6
1919,11,-109.9,12.6
1919,12,-114.4,13
1920,1,-114.9,13
1920,2,-116.9,13
1920,3,-116.2,13
1920,4,-112.1,13
1920,5,-107.4,13
1920,6,-103.6,13
1920,7,-103.2,13
1920,8,-106,13
1920,9,-109.6,13
1920,10,-110.8,13
1920,11,-112.2,13
1920,12,-110.1,13.3
1921,1,-110,13.1
1921,2,-106.9,13.1
1921,3,-105.5,13.1
1921,4,-104.1,13.1
1921,5,-102.1,13.1
1921,6,-103.5,13.1
1921,7,-105.1,13.1
1921,8,-111.3,13.1
1921,9,-114.2,13.1
1921,10,-113.1,13.1
1921,11,-113.6,13.1
1921,12,-109.4,13.1
1922,1,-111,13.1
1922,2,-106.7,13.1
1922,3,-108,13.1
1922,4,-107,13.1
1922,5,-105.9,13.1
1922,6,-106.2,13.2
1922,7,-111.3,13.2
1922,8,-114.7,13.2
1922,9,-116.4,13.2
1922,10,-112.5,13.2
1922,11,-106.6,13.2
1922,12,-103.2,13.3
1923,1,-104.6,13
1923,2,-109.2,13
1923,3,-107.9,13
1923,4,-103.6,13
1923,5,-99.3,12.9
1923,6,-101.9,12.9
1923,7,-107.5,12.9
1923,8,-110.5,12.9
1923,9,-110.5,12.9
1923,10,-109.7,12.9
1923,11,-113.9,12.9
1923,12,-116.7,13
1924,1,-118,13
1924,2,-112.7,13
1924,3,-113.4,13
1924,4,-111.8,13
1924,5,-115.2,13
1924,6,-115.3,13.1
1924,7,-116.8,13.1
1924,8,-116.1,13.1
1924,9,-115.6,13.2
1924,10,-115.7,13.2
1924,11,-117,13
1924,12,-115.2,13.6
1925,1,-112.3,13.6
1925,2,-110.6,13.6
1925,3,-112.5,13.6
1925,4,-115.3,13.6
1925,5,-114.8,13.6
1925,6,-115,13.6
1925,7,-115.3,13.6
1925,8,-116.3,13.6
1925,9,-115,13.6
1925,10,-112.9,13.6
1925,11,-110.9,13.6
1925,12,-107.4,14.2
1926,1,-111.3,14.1
1926,2,-112.2,14.1
1926,3,-115.4,13.7
1926,4,-112.3,13.7
1926,5,-110.3,13.7
1926,6,-107.7,13.7
1926,7,-104.5,13.6
1926,8,-97.9,13.6
1926,9,-97.2,13.6
1926,10,-96.3,13.6
1926,11,-105.8,13.6
1926,12,-109.4,13.6
1927,1,-113.4,13.2
1927,2,-109.1,13.2
1927,3,-107.2,13.2
1927,4,-104.9,13.2
1927,5,-105.3,13.1
1927,6,-104.5,13.1
1927,7,-106.3,13.1
1927,8,-103.7,12.5
1927,9,-109.6,12.5
1927,10,-106.9,12.5
1927,11,-110.7,12.5
1927,12,-111.5,12.5
1928,1,-117.7,12.5
1928,2,-117.6,12.4
1928,3,-115.7,12.3
1928,4,-110.4,12.3
1928,5,-108.9,12.3
1928,6,-106.3,12.3
1928,7,-106,12.3
1928,8,-105.6,12.3
1928,9,-106.1,12.3
1928,10,-111.2,12.3
1928,11,-115.6,12.3
1928,12,-118.7,12.3
1929,1,-120.8,12.3
1929,2,-115.8,12.4
1929,3,-113.3,12.4
1929,4,-107.4,12.1
1929,5,-109.9,12.1
1929,6,-106.1,12.1
1929,7,-106,12.1
1929,8,-106.4,12.1
1929,9,-107,12.1
1929,10,-109.4,12.1
1929,11,-109.2,12.1
1929,12,-112.1,12.1
1930,1,-110.8,12
1930,2,-112.3,12
1930,3,-112.3,12
1930,4,-114.3,11.9
1930,5,-112.7,11.9
1930,6,-105.7,11.9
1930,7,-98.2,11.9
1930,8,-96.1,11.9
1930,9,-98.5,11.9
1930,10,-101.5,11.9
1930,11,-105.6,11.9
1930,12,-107.8,12.2
1931,1,-106.9,12.2
1931,2,-109.1,12.2
1931,3,-106.6,12.2
1931,4,-108.5,12.2
1931,5,-106.4,12.2
1931,6,-105.9,12.2
1931,7,-101.9,12.2
1931,8,-103.7,12.2
1931,9,-106,12.2
1931,10,-109,12.2
1931,11,-109.9,12.2
1931,12,-106.5,12.2
1932,1,-104.1,11.9
1932,2,-100.8,11.9
1932,3,-101.8,11.9
1932,4,-100.5,11.9
1932,5,-102.2,11.9
1932,6,-102.3,11.9
1932,7,-101.5,11.9
1932,8,-102.9,11.9
1932,9,-100.3,11.9
1932,10,-100.7,11.9
1932,11,-98.2,11.8
1932,12,-97.1,11.9
1933,1,-93.8,11.8
1933,2,-93,11.8
1933,3,-92.4,11.8
1933,4,-92.6,11.8
1933,5,-95.2,11.8
1933,6,-94.5,11.8
1933,7,-99,11.8
1933,8,-97.7,11.8
1933,9,-99,11.8
1933,10,-98.7,11.7
1933,11,-102.2,11.7
1933,12,-102.2,12
1934,1,-101.5,11.9
1934,2,-99.1,11.8
1934,3,-96.7,11.8
1934,4,-97.8,11.8
1934,5,-98.7,11.8
1934,6,-102.7,11.8
1934,7,-103.3,11.8
1934,8,-107.3,11.8
1934,9,-105.8,11.8
1934,10,-108.5,11.8
1934,11,-102.6,11.8
1934,12,-100.5,12
1935,1,-95.5,12
1935,2,-93.3,12
1935,3,-92.9,12
1935,4,-91.7,12
1935,5,-95,11.8
1935,6,-94.3,11.8
1935,7,-95.3,11.8
1935,8,-96.1,11.8
1935,9,-98.4,11.8
1935,10,-101.3,11.8
1935,11,-102.8,11.8
1935,12,-101,11.8
1936,1,-97.1,11.7
1936,2,-94.7,11.7
1936,3,-99.2,11.7
1936,4,-102.5,11.7
1936,5,-104.4,11.8
1936,6,-101.9,11.8
1936,7,-102.9,11.8
1936,8,-100.9,11.8
1936,9,-103.6,11.8
1936,10,-99.3,11.8
1936,11,-100.6,11.8
1936,12,-97.6,11.9
1937,1,-98.9,11.8
1937,2,-93.9,11.8
1937,3,-95.5,11.8
1937,4,-93.5,11.8
1937,5,-94.9,11.9
1937,6,-96.9,11.8
1937,7,-96.6,11.8
1937,8,-97.4,11.8
1937,9,-93.9,11.8
1937,10,-93.4,11.8
1937,11,-91.5,11.8
1937,12,-89.9,11.8
1938,1,-87.7,11.7
1938,2,-86.4,11.7
1938,3,-85.9,11.7
1938,4,-88,11.7
1938,5,-93.7,11.7
1938,6,-96.8,11.7
1938,7,-101.3,11.7
1938,8,-97.8,11.7
1938,9,-96.1,11.7
1938,10,-90.7,11.7
1938,11,-89.9,11.7
1938,12,-90.6,12.6
1939,1,-90,12.4
1939,2,-94.4,12.4
1939,3,-91.8,12.4
1939,4,-89.7,12.4
1939,5,-84.4,12.4
1939,6,-77.7,12.1
1939,7,-77.6,12.1
1939,8,-80.4,12.1
1939,9,-86.9,12.1
1939,10,-91,12
1939,11,-89.4,12
1939,12,-89.2,12.1
1940,1,-88.3,11.1
1940,2,-89.5,11.1
1940,3,-91.2,11.1
1940,4,-95.9,11
1940,5,-96.6,11
1940,6,-101,11
1940,7,-99.1,11
1940,8,-96.2,11
1940,9,-92.2,11
1940,10,-87.9,11
1940,11,-84.7,11
1940,12,-83.7,11
1941,1,-84.4,10.9
1941,2,-81.2,10.9
1941,3,-80.8,10.9
1941,4,-79.4,10.9
1941,5,-81.3,10.8
1941,6,-81.3,10.8
1941,7,-78.3,10.8
1941,8,-73.9,10.8
1941,9,-74.4,10.8
1941,10,-77.8,10.8
1941,11,-83.5,10.8
1941,12,-83.6,10.9
1942,1,-85.2,10.9
1942,2,-84.2,10.8
1942,3,-85.5,10.8
1942,4,-86,10.8
1942,5,-84.8,10.8
1942,6,-81.8,10.8
1942,7,-78.4,10.9
1942,8,-75.4,10.8
1942,9,-73.5,10.8
1942,10,-74.4,10.8
1942,11,-74.5,10.8
1942,12,-76.9,10.8
1943,1,-74.4,10.8
1943,2,-73.6,10.8
1943,3,-74.1,10.8
1943,4,-74.3,10.8
1943,5,-78.4,10.7
1943,6,-78.2,10.7
1943,7,-82.3,10.7
1943,8,-82.8,10.7
1943,9,-84.2,10.7
1943,10,-84.9,10.7
1943,11,-86.1,10.7
1943,12,-86.7,11.2
1944,1,-83.2,10.9
1944,2,-77.1,10.9
1944,3,-74.4,10.8
1944,4,-79,10.7
1944,5,-86.3,10.6
1944,6,-92.1,10.6
1944,7,-94.9,10.6
1944,8,-95.1,10.6
1944,9,-93.2,10.6
1944,10,-90.2,10.6
1944,11,-86.5,10.6
1944,12,-85.3,10.6
1945,1,-84.3,10.6
1945,2,-84.6,10.6
1945,3,-85.4,10.6
1945,4,-84.1,10.6
1945,5,-82.8,10.6
1945,6,-78.8,10.6
1945,7,-82.8,10.6
1945,8,-83,10.7
1945,9,-87.3,10.8
1945,10,-84.8,10.8
1945,11,-84.5,10.8
1945,12,-81.2,11
1946,1,-82.3,10.9
1946,2,-78.4,10.9
1946,3,-79.2,10.9
1946,4,-75.3,10.9
1946,5,-72.8,10.8
1946,6,-69.8,10.8
1946,7,-68.5,10.4
1946,8,-71,10.4
1946,9,-74.9,10.4
1946,10,-78.4,10.4
1946,11,-81,10.4
1946,12,-81.7,10.2
1947,1,-82.3,10
1947,2,-80.1,10
1947,3,-77.5,9.8
1947,4,-79.8,9.7
1947,5,-79.2,9.5
1947,6,-77.2,9.5
1947,7,-74.5,9.5
1947,8,-71.9,9.5
1947,9,-68.5,9.5
1947,10,-64,9.5
1947,11,-59.3,9.5
1947,12,-61,9.5
1948,1,-63.9,9.3
1948,2,-68.4,9.3
1948,3,-70.5,9.3
1948,4,-70.5,9.3
1948,5,-69.2,9.3
1948,6,-69.3,9.3
1948,7,-67.7,9.3
1948,8,-69.7,9.3
1948,9,-68.3,9.2
1948,10,-68.7,9.1
1948,11,-66.8,9.2
1948,12,-65.6,9.2
1949,1,-64,8.8
1949,2,-63.6,8.8
1949,3,-67.2,8.8
1949,4,-69.8,8.8
1949,5,-71.9,8.8
1949,6,-72.2,8.2
1949,7,-73.3,8.2
1949,8,-72,8.2
1949,9,-73.4,8.2
1949,10,-69.7,8.3
1949,11,-69.2,8.1
1949,12,-67.7,8.1
1950,1,-69.6,8
1950,2,-70.8,7.9
1950,3,-70.9,7.9
1950,4,-68.8,7.9
1950,5,-68.3,7.9
1950,6,-67.9,7.9
1950,7,-68.5,7.9
1950,8,-69.2,7.9
1950,9,-67.5,7.9
1950,10,-64.7,7.9
1950,11,-61.9,7.9
1950,12,-59.5,7.9
1951,1,-60.9,7.8
1951,2,-56.9,7.8
1951,3,-51.6,7.8
1951,4,-51,7.8
1951,5,-50.7,7.7
1951,6,-55.8,7.7
1951,7,-59.4,7.7
1951,8,-63,7.7
1951,9,-61.7,7.7
1951,10,-61.6,7.7
1951,11,-59.8,7.7
1951,12,-61.6,7.7
1952,1,-62.2,7.7
1952,2,-62.7,7.7
1952,3,-64.4,7.7
1952,4,-64.2,7.7
1952,5,-63.6,7.7
1952,6,-61.1,7.7
1952,7,-62.2,7.7
1952,8,-61.4,7.7
1952,9,-59.1,7.6
1952,10,-57.8,7.6
1952,11,-53.2,7.6
1952,12,-52.7,7.6
1953,1,-53.1,7.5
1953,2,-56,7.5
1953,3,-57.8,7.5
1953,4,-55.8,7.5
1953,5,-52.5,7.5
1953,6,-49.9,7.4
1953,7,-52.4,7.5
1953,8,-55,7.5
1953,9,-57.6,7.4
1953,10,-59.8,7.4
1953,11,-60.5,7.4
1953,12,-61.2,7.4
1954,1,-59,7.4
1954,2,-57.6,7.4
1954,3,-56.9,7.4
1954,4,-59.2,7.3
1954,5,-58.9,7.3
1954,6,-61.8,7.3
1954,7,-64.4,7.3
1954,8,-65.2,7.3
1954,9,-62.9,7.3
1954,10,-58,7.3
1954,11,-52.8,7.3
1954,12,-50.5,7.3
1955,1,-48.8,7.2
1955,2,-49.1,7.1
1955,3,-52.4,7.1
1955,4,-56.5,7.1
1955,5,-61.2,7.1
1955,6,-64.2,7.1
1955,7,-66.3,7.1
1955,8,-63.1,7.1
1955,9,-62,7.1
1955,10,-57.5,7.1
1955,11,-57,7.1
1955,12,-57.6,7.1
1956,1,-58.6,7.1
1956,2,-62.2,7.1
1956,3,-61.4,7.1
1956,4,-58.5,7.1
1956,5,-58.5,7
1956,6,-60,7
1956,7,-64.9,7
1956,8,-66.1,7
1956,9,-66.8,7
1956,10,-67.2,7
1956,11,-67.3,7
1956,12,-65.9,7.2
1957,1,-61.3,7.1
1957,2,-53.1,7.1
1957,3,-48.9,7.1
1957,4,-47.2,7.1
1957,5,-45.5,7.1
1957,6,-45.4,7.1
1957,7,-45.7,6.8
1957,8,-48.8,6.8
1957,9,-49.6,6.8
1957,10,-50.7,6.8
1957,11,-49.5,6.8
1957,12,-50.5,6.8
1958,1,-48.5,6.7
1958,2,-49,6.7
1958,3,-48.9,6.7
1958,4,-51.4,6.7
1958,5,-50.9,6.7
1958,6,-51,6.7
1958,7,-49.8,6.6
1958,8,-49.2,6.6
1958,9,-47.9,6.6
1958,10,-45.6,6.6
1958,11,-44.2,6.6
1958,12,-43.3,6.6
1959,1,-45.4,6.5
1959,2,-48.7,6.5
1959,3,-50.8,6.5
1959,4,-50.1,6.5
1959,5,-49.7,6.5
1959,6,-48.3,6.5
1959,7,-48,6.5
1959,8,-45.6,6.5
1959,9,-46.6,6.5
1959,10,-45,6.5
1959,11,-49.4,6.6
1959,12,-48.6,6.6
1960,1,-48.9,6.6
1960,2,-44.9,6.6
1960,3,-45.1,6.6
1960,4,-43.1,6.6
1960,5,-42.5,6.6
1960,6,-42.9,6.6
1960,7,-44.1,6.6
1960,8,-44.9,6.6
1960,9,-45.4,6.6
1960,10,-44.7,6.6
1960,11,-43.9,6.6
1960,12,-40.8,6.6
1961,1,-38,6.6
1961,2,-33.2,6.6
1961,3,-32.8,6.6
1961,4,-32.4,6.6
1961,5,-34.8,6.6
1961,6,-36.9,6.6
1961,7,-37.8,6.6
1961,8,-38.8,6.6
1961,9,-40,6.6
1961,10,-43.1,6.6
1961,11,-45.1,6.6
1961,12,-44.2,6.7
1962,1,-44.3,6.7
1962,2,-42.8,6.7
1962,3,-44.1,6.6
1962,4,-44.6,6.6
1962,5,-45.4,6.6
1962,6,-45.1,6.6
1962,7,-46.6,6.6
1962,8,-43.7,6.6
1962,9,-42.3,6.6
1962,10,-39.1,6.6
1962,11,-40.1,6.6
1962,12,-41.7,6.7
1963,1,-40.5,6.6
1963,2,-40.7,6.6
1963,3,-40.8,6.6
1963,4,-42.8,6.6
1963,5,-44.2,6.7
1963,6,-45.7,6.7
1963,7,-47,6.7
1963,8,-48.3,6.7
1963,9,-45.9,6.6
1963,10,-47.1,6.6
1963,11,-45.3,6.6
1963,12,-50.8,6.6
1964,1,-55,6.6
1964,2,-59.3,6.6
1964,3,-60.2,6.6
1964,4,-60.7,6.6
1964,5,-56.2,6.6
1964,6,-50.8,6.7
1964,7,-46.8,6.7
1964,8,-46.6,6.7
1964,9,-48.5,6.7
1964,10,-51.3,6.7
1964,11,-50.8,6.7
1964,12,-47.7,6.8
1965,1,-43.3,6.7
1965,2,-38.8,6.7
1965,3,-40.8,6.8
1965,4,-44,6.7
1965,5,-47.6,6.7
1965,6,-46.7,6.6
1965,7,-43.5,6.5
1965,8,-40,6.5
1965,9,-36.6,6.6
1965,10,-38.2,6.6
1965,11,-38.7,6.7
1965,12,-40.3,6.7
1966,1,-40.9,6.5
1966,2,-42.9,6.5
1966,3,-45.4,6.4
1966,4,-47.5,6.5
1966,5,-48.6,6.5
1966,6,-48.9,6.5
1966,7,-47.1,6.5
1966,8,-46.7,6.5
1966,9,-46.7,6.6
1966,10,-48.1,6.6
1966,11,-51.5,6.6
1966,12,-49.3,6.6
1967,1,-50.5,6.6
1967,2,-50.2,6.6
1967,3,-52.5,6.6
1967,4,-50.9,6.5
1967,5,-49.4,6.6
1967,6,-44.6,6.5
1967,7,-44,6.5
1967,8,-42,6.5
1967,9,-41.7,6.5
1967,10,-41,6.5
1967,11,-40.4,6.5
1967,12,-40.1,6.6
1968,1,-39.6,6.7
1968,2,-42,6.7
1968,3,-48,6.7
1968,4,-53,6.7
1968,5,-56.7,6.7
1968,6,-55.3,6.7
1968,7,-50.9,6.7
1968,8,-43.5,6.7
1968,9,-39.6,6.7
1968,10,-36,6.7
1968,11,-35.7,6.7
1968,12,-37.4,6.9
1969,1,-35.8,6.9
1969,2,-37.2,6.9
1969,3,-36.2,7
1969,4,-37.4,7
1969,5,-38.6,7
1969,6,-39.1,7
1969,7,-41.1,7
1969,8,-38.9,7
1969,9,-37.9,7
1969,10,-36.5,7
1969,11,-37.9,7
1969,12,-39.4,7
1970,1,-38.8,7
1970,2,-37.6,7
1970,3,-38.2,7
1970,4,-41.1,6.9
1970,5,-41.3,6.9
1970,6,-41,6.9
1970,7,-42.6,6.9
1970,8,-41.9,7
1970,9,-42.4,7
1970,10,-38.7,7
1970,11,-38.6,7
1970,12,-37.1,7
1971,1,-34.9,7
1971,2,-31.7,7
1971,3,-30.7,7
1971,4,-31.4,6.9
1971,5,-35.2,6.9
1971,6,-37.7,6.9
1971,7,-38.5,6.9
1971,8,-36.5,6.9
1971,9,-33.1,6.9
1971,10,-33.5,6.9
1971,11,-35.9,6.9
1971,12,-37.6,6.9
1972,1,-34,6.9
1972,2,-29.2,6.9
1972,3,-25.3,7.1
1972,4,-24.6,7.1
1972,5,-22.6,6.9
1972,6,-20.2,6.9
1972,7,-19.1,6.9
1972,8,-23.1,6.9
1972,9,-25.7,6.9
1972,10,-27.9,6.9
1972,11,-26.9,6.9
1972,12,-28.5,6.9
1973,1,-33.2,6.9
1973,2,-33.6,6.9
1973,3,-34.6,6.9
1973,4,-31.7,6.9
1973,5,-33.8,6.9
1973,6,-32.7,6.8
1973,7,-34.4,6.8
1973,8,-34.4,6.8
1973,9,-34.5,6.8
1973,10,-31.6,6.8
1973,11,-24.7,6.8
1973,12,-19.9,6.8
1974,1,-15.4,6.8
1974,2,-16.5,6.8
1974,3,-17.6,6.8
1974,4,-17.4,6.8
1974,5,-17.7,6.8
1974,6,-18.3,6.8
1974,7,-20.4,6.8
1974,8,-22.1,6.8
1974,9,-23,6.8
1974,10,-23.8,6.8
1974,11,-22.6,6.8
1974,12,-21.8,6.8
1975,1,-21.1,6.8
1975,2,-20.2,6.8
1975,3,-18.7,6.8
1975,4,-20,6.7
1975,5,-21.3,6.7
1975,6,-23.4,6.7
1975,7,-23.4,6.7
1975,8,-22,6.7
1975,9,-21.3,6.7
1975,10,-20.7,6.7
1975,11,-20.5,6.8
1975,12,-22.7,6.8
1976,1,-22.9,6.8
1976,2,-25.7,6.8
1976,3,-24.4,6.8
1976,4,-23.2,6.8
1976,5,-22.5,6.8
1976,6,-20.4,6.8
1976,7,-21.6,6.8
1976,8,-23.5,6.8
1976,9,-22.2,6.8
1976,10,-22.6,6.7
1976,11,-19.7,6.7
1976,12,-19.5,6.7
1977,1,-20.9,6.7
1977,2,-23.6,6.7
1977,3,-25.4,6.7
1977,4,-27.6,6.7
1977,5,-27.1,6.7
1977,6,-26.5,6.6
1977,7,-25.5,6.6
1977,8,-24.8,6.6
1977,9,-23.8,6.5
1977,10,-23.1,6.5
1977,11,-21,6.5
1977,12,-18.3,6.6
1978,1,-15.7,6.6
1978,2,-12,6.6
1978,3,-13,6.6
1978,4,-13.3,6.6
1978,5,-17,6.6
1978,6,-18.5,6.6
1978,7,-19.9,6.7
1978,8,-18.3,6.7
1978,9,-18,6.7
1978,10,-17.7,6.7
1978,11,-22.2,6.7
1978,12,-25.2,6.7
1979,1,-28,6.7
1979,2,-26.9,6.7
1979,3,-25.8,6.7
1979,4,-26.1,6.7
1979,5,-27.5,6.7
1979,6,-27.1,6.7
1979,7,-24.7,6.7
1979,8,-19.9,6.7
1979,9,-17.3,6.7
1979,10,-14.9,6.7
1979,11,-17.2,6.5
1979,12,-15,6.5
1980,1,-15.2,6.5
1980,2,-14.1,6.5
1980,3,-16.1,6.4
1980,4,-15.8,6.5
1980,5,-16.1,6.5
1980,6,-16.7,6.5
1980,7,-19.2,6.6
1980,8,-21,6.6
1980,9,-21,6.6
1980,10,-19.2,6.6
1980,11,-14,6.6
1980,12,-9.9,6.6
1981,1,-7.8,6.5
1981,2,-6.8,6.5
1981,3,-5,6.6
1981,4,-4,6.6
1981,5,-2.7,6.6
1981,6,-2.2,6.5
1981,7,-3.9,6.5
1981,8,-3.1,6.4
1981,9,-4.1,6.4
1981,10,-2,6.4
1981,11,-2.9,6.4
1981,12,-4.4,6.4
1982,1,-8.2,6.4
1982,2,-9.3,6.4
1982,3,-10.6,6.4
1982,4,-13.1,6.4
1982,5,-13.5,6.4
1982,6,-14.7,6.3
1982,7,-15.8,6.3
1982,8,-14.4,6.3
1982,9,-10.3,6.3
1982,10,-4.7,6.2
1982,11,-2.1,6.2
1982,12,-1.6,6.4
1983,1,0.2,6.4
1983,2,-0.5,6.5
1983,3,1.1,6.5
1983,4,4.3,6.5
1983,5,7.5,6.5
1983,6,6,6.5
1983,7,1.8,6.5
1983,8,-5.9,6.4
1983,9,-6.7,6.4
1983,10,-9.7,6.5
1983,11,-6.8,6.5
1983,12,-8.9,6.5
1984,1,-7.5,6.5
1984,2,-6.3,6.5
1984,3,-3,6.4
1984,4,-2.2,6.3
1984,5,-1.2,6.3
1984,6,1,6.3
1984,7,0.6,6.3
1984,8,2,6.3
1984,9,-0.2,6.3
1984,10,-1.1,6.3
1984,11,-4.4,6.3
1984,12,-6.4,6.4
1985,1,-10.4,6.2
1985,2,-9.5,6.2
1985,3,-11.7,6.2
1985,4,-11.7,6.2
1985,5,-13.5,6.3
1985,6,-13.1,6.3
1985,7,-13.7,6.3
1985,8,-15.4,6.3
1985,9,-14.6,6.3
1985,10,-13.9,6.3
1985,11,-12.5,6.3
1985,12,-12.2,6.3
1986,1,-10.8,6.3
1986,2,-9.7,6.3
1986,3,-10.3,6.3
1986,4,-10.5,6.3
1986,5,-11.8,6.3
1986,6,-11,6.3
1986,7,-13.3,6.3
1986,8,-12.5,6.3
1986,9,-13.5,6.3
1986,10,-13.9,6.3
1986,11,-14.3,6.2
1986,12,-13.1,6.2
1987,1,-11.2,6.2
1987,2,-8.5,6.2
1987,3,-10.8,6.2
1987,4,-12.4,6.3
1987,5,-10.9,6.3
1987,6,-9.3,6.3
1987,7,-8.2,6.3
1987,8,-13.5,6.3
1987,9,-15.3,6.2
1987,10,-16.7,6.2
1987,11,-12.1,6.2
1987,12,-8.6,6.3
1988,1,-9.1,6.3
1988,2,-7.8,6.2
1988,3,-9.9,6.3
1988,4,-8.2,6.3
1988,5,-8.1,6.3
1988,6,-6.6,6.3
1988,7,-6.4,6.3
1988,8,-4.8,6.3
1988,9,-3.3,6.3
1988,10,-2.6,6.3
1988,11,-4.9,6.3
1988,12,-9.4,6.4
1989,1,-9.4,6.4
1989,2,-8,6.3
1989,3,-2.4,6.3
1989,4,-1.6,6.3
1989,5,-1.1,6.3
1989,6,-3,6.3
1989,7,-2.7,6.3
1989,8,-1,6.4
1989,9,0.3,6.4
1989,10,0.6,6.4
1989,11,1.1,6.4
1989,12,-0.6,6.4
1990,1,-0.2,6.5
1990,2,-2.6,6.5
1990,3,-4.4,6.5
1990,4,-3.9,6.5
1990,5,-4.1,6.5
1990,6,0,6.5
1990,7,-0.2,6.5
1990,8,2.8,6.5
1990,9,3,6.5
1990,10,3.8,6.5
1990,11,4.3,6.5
1990,12,1.6,6.5
1991,1,3,6.5
1991,2,3.7,6.5
1991,3,5,6.5
1991,4,1.4,6.5
1991,5,-1,6.5
1991,6,-1.4,6.5
1991,7,1,6.5
1991,8,3.6,6.5
1991,9,3.8,6.5
1991,10,4.1,6.5
1991,11,4,6.5
1991,12,2.9,6.6
1992,1,5,6.6
1992,2,6,6.6
1992,3,4.6,6.5
1992,4,3.1,6.6
1992,5,0.6,6.6
1992,6,1,6.6
1992,7,0.3,6.6
1992,8,0.6,6.6
1992,9,2.2,6.5
1992,10,5.5,6.5
1992,11,5.1,6.5
1992,12,4,6.6
1993,1,2.7,6.6
1993,2,3.8,6.6
1993,3,6.3,6.6
1993,4,8.3,6.6
1993,5,8.6,6.6
1993,6,4.3,6.6
1993,7,0.6,6.6
1993,8,-2.4,6.6
1993,9,-5.3,6.6
1993,10,-4.1,6.6
1993,11,-5.2,6.6
1993,12,-0.6,6.6
1994,1,3.4,6.6
1994,2,4,6.6
1994,3,6,6.6
1994,4,5.1,6.5
1994,5,7.4,6.5
1994,6,6.4,6.5
1994,7,9,6.5
1994,8,8.3,6.5
1994,9,8,6.5
1994,10,7.6,6.5
1994,11,5.9,6.6
1994,12,7.8,6.6
1995,1,8.6,6.6
1995,2,9.7,6.6
1995,3,10.4,6.6
1995,4,8.6,6.6
1995,5,7.7,6.6
1995,6,6.6,6.6
1995,7,7.9,6.5
1995,8,7.3,6.5
1995,9,8.6,6.5
1995,10,10.1,6.5
1995,11,12.5,6.5
1995,12,16.3,6.5
1996,1,16.2,6.6
1996,2,16.1,6.6
1996,3,11.1,6.6
1996,4,8.4,6.6
1996,5,7.5,6.6
1996,6,7.1,6.6
1996,7,13,6.5
1996,8,15.6,6.6
1996,9,20.7,6.6
1996,10,18.1,6.7
1996,11,16,6.7
1996,12,14.2,6.7
1997,1,16.5,6.6
1997,2,19.2,6.6
1997,3,22.8,6.6
1997,4,23.1,6.6
1997,5,22.7,6.6
1997,6,22.2,6.6
1997,7,17.6,6.6
1997,8,17.7,6.6
1997,9,16.9,6.6
1997,10,22.1,6.6
1997,11,22,6.7
1997,12,23.9,6.7
1998,1,20.4,6.7
1998,2,16.4,6.7
1998,3,11.5,6.8
1998,4,7.1,6.9
1998,5,6.5,6.8
1998,6,7.2,6.8
1998,7,9.5,6.8
1998,8,10.1,6.8
1998,9,11.6,6.8
1998,10,9.9,6.8
1998,11,8.9,6.8
1998,12,8.9,6.8
1999,1,12.5,6.8
1999,2,15.8,6.8
1999,3,20.7,6.7
1999,4,19.9,6.8
1999,5,21.9,6.8
1999,6,21.3,6.8
1999,7,23.2,6.9
1999,8,22.7,7
1999,9,22.2,7
1999,10,20.3,6.9
1999,11,16.2,6.9
1999,12,14,6.9
2000,1,12.8,6.8
2000,2,15.5,6.8
2000,3,19.4,6.8
2000,4,22.2,6.8
2000,5,26.2,6.8
2000,6,25.9,6.8
2000,7,27.1,6.8
2000,8,22.4,6.9
2000,9,20,6.8
2000,10,16.7,6.8
2000,11,17.8,6.8
2000,12,19.8,6.8
2001,1,23.8,6.7
2001,2,24.2,6.7
2001,3,27,6.7
2001,4,24.8,6.7
2001,5,25.3,6.7
2001,6,25.7,6.7
2001,7,27.1,6.7
2001,8,29.8,6.7
2001,9,29.9,6.7
2001,10,27.6,6.7
2001,11,24.5,6.8
2001,12,22.1,6.8
2002,1,23.1,6.8
2002,2,24.3,6.8
2002,3,25.9,6.8
2002,4,24.9,6.8
2002,5,26.5,6.8
2002,6,29.2,6.8
2002,7,29.4,6.8
2002,8,28.5,6.8
2002,9,30,6.8
2002,10,31.4,6.8
2002,11,34.2,6.8
2002,12,32.9,6.8
2003,1,31.8,6.7
2003,2,30.2,6.8
2003,3,29.3,6.8
2003,4,33.5,6.8
2003,5,35.9,6.8
2003,6,40,6.8
2003,7,40,7
2003,8,42.4,7
2003,9,43.6,7.1
2003,10,44.3,7.1
2003,11,41,6.9
2003,12,39.3,7
2004,1,36.3,6.9
2004,2,33.4,6.9
2004,3,33.9,7
2004,4,34.9,6.9
2004,5,39.2,6.9
2004,6,41.5,6.9
2004,7,40.4,6.9
2004,8,41.6,7
2004,9,38.6,7
2004,10,37.3,6.9
2004,11,34.5,6.9
2004,12,34.6,6.9
2005,1,36.6,6.8
2005,2,37.2,6.8
2005,3,36.2,6.9
2005,4,36.4,6.9
2005,5,37.9,6.8
2005,6,40,6.8
2005,7,40.7,6.8
2005,8,39.7,6.8
2005,9,36.6,6.8
2005,10,36,6.8
2005,11,34.7,6.8
2005,12,35.5,6.8
2006,1,35.2,6.8
2006,2,37.8,6.8
2006,3,43,6.8
2006,4,44.7,6.8
2006,5,43.4,6.8
2006,6,40.8,6.8
2006,7,40.3,6.8
2006,8,42.2,6.8
2006,9,43.5,6.8
2006,10,44.6,6.9
2006,11,44.2,6.9
2006,12,39.1,7
2007,1,35.6,7
2007,2,31.4,7
2007,3,34.3,7.1
2007,4,38.3,7.1
2007,5,45.5,7.2
2007,6,49.1,7.2
2007,7,50.5,7.2
2007,8,50.5,7.3
2007,9,47.9,7.1
2007,10,46.5,7
2007,11,46.8,6.9
2007,12,45.4,6.8
2008,1,46.5,6.8
2008,2,46.1,6.8
2008,3,52.5,6.8
2008,4,56.3,6.8
2008,5,60.1,6.8
2008,6,60.1,6.8
2008,7,59.3,6.8
2008,8,55,6.8
2008,9,50.9,6.8
2008,10,46.8,6.8
2008,11,46.8,6.8
2008,12,46,6.9
2009,1,47.5,6.9
2009,2,46.8,6.9
2009,3,49,6.9
2009,4,50.2,6.9
2009,5,55.6,6.9
2009,6,59.6,6.9
2009,7,62.7,6.9
2009,8,62.9,6.8
2009,9,63.6,6.8
2009,10,63.9,6.8
2009,11,65.6,6.9
2009,12,68.8,7
2010,1,67.6,7.1
2010,2,67.6,7.1
2010,3,63.2,7.1
2010,4,65,7
2010,5,61.7,7.1
2010,6,61.8,7.1
2010,7,61,7.1
2010,8,63.3,7.1
2010,9,65.2,7.1
2010,10,68.7,7.1
2010,11,71.1,7.1
2010,12,72.8,7.4
2011,1,70.4,7.4
2011,2,68.5,7.4
2011,3,67.2,7.5
2011,4,70.6,7.5
2011,5,72.6,7.5
2011,6,73.2,7.6
2011,7,72.1,7.6
2011,8,69.3,7.6
2011,9,67,7.6
2011,10,62.6,7.6
2011,11,58.7,7.6
2011,12,55.4,7.7
2012,1,58.5,7.7
2012,2,63.8,7.7
2012,3,72.5,8.3
2012,4,80.4,8.3
2012,5,82,8.4
2012,6,82.4,8.4
2012,7,78.1,8.4
2012,8,78.8,8.4
2012,9,78.6,8.4
2012,10,80.8,8.4
2012,11,79.4,8.4
2012,12,77.7,8.8
2013,1,70.5,8.8
2013,2,65.7,8.8
2013,3,67,8.8
2013,4,69.8,8.8
2013,5,72,8.8
2013,6,71.5,8.8
2013,7,71.2,8.8
2013,8,71.6,8.8
2013,9,68.8,8.8
2013,10,66.4,8.9
2013,11,59.7,9
2013,12,58.5,9
